ego_speed	npc1_speed	npc2_speed	departTime_ped
30.463320205393043	6.25662073108365	17.055098328882647	3.334957126933411
52.923294235986475	37.82845098011901	24.93394316977409	0.9247102083422709
19.405131547473143	20.054031948993043	45.30341389877043	0.5741567180206908
54.316401134323144	29.354087574949254	53.1354979594855	1.8094034359235218
13.313668684430711	26.515207955321138	52.88401428363338	0.9560233041192201
