ego_speed	departTime_ped	npc1_speed
1.0000000000000003e-05	0.022434383200392108	48.9388292485669
