ego_speed	npc1_speed
22.715030171042	17.664831796880826
