ego_speed	departTime_ped	npc1_speed
1.0000000000000003e-05	0.03539323417774679	35.06817235357027
