ego_speed	departTime_ped
38.003289070265936	1.7372067626252319
48.47541726793219	4.744234187183926
43.22214808702307	0.016217112500440112
39.934236915679655	1.803773511936539
49.779200726514226	3.564986464092195
32.59071744451792	1.523101944886881
22.778010864047115	4.142054587850492
46.79855366467352	1.9002936997913777
12.606814265397968	2.0530532460935644
16.179521720121745	3.1194020606655637
