ego_speed	departTime_ped	npc1_speed
1.0000000000000003e-05	0.006928939561050285	11.592571018801063
