ego_speed	departTime_ped
49.58963048276972	4.050453250517894
31.215101175897413	3.2228737640765575
41.32049380097123	3.5184314635583003
16.714392877509393	4.229283513740642
40.6575414427086	1.039150469880289
10.636674972388063	0.11109152782237008
32.108523230933	0.9226506063168055
37.27681586115885	3.6957152200416528
11.748920288985317	2.44830317955227
40.705034861127224	4.841984522979403
