ego_speed	departTime_ped
24.202282464387277	0.023790459911676665
12.186818328905328	0.020060821774863527
30.560416474110156	0.03986624724973253
18.80485223498199	0.08521089138024725
30.889587395490896	0.07287414896784032
45.308274510672724	0.03907680382800946
19.95606394702194	0.07642256810311489
41.30396156300745	0.06111751516546065
19.759688608916797	0.03745290452204103
12.315082186704931	0.045294678052682516
