ego_speed	departTime_ped	npc1_speed
1.0000000000000003e-05	0.06523268776560097	42.114928677296234
