ego_speed	departTime_ped	npc1_speed
1.0000000000000003e-05	0.029384620288328268	41.930081295320306
