ego_speed	npc1_speed	npc2_speed	departTime_ped
8.508378351896868	23.50175181692275	24.818463737840244	1.7572249354315372
18.535149287151498	12.327913664746191	8.764164895948683	3.6902179190208995
5.916534222561399	16.474146105039253	27.772097084235206	1.989525456003281
6.48188899124651	24.08002020374618	25.782492897154423	4.106601791704047
15.970768254818271	27.127676124078754	14.559810899824459	2.4182147777708938
