ego_speed	departTime_ped	npc1_speed
1.0000000000000003e-05	0.014726961400458772	34.7691790700704
