ego_speed	npc1_speed
36.62132089125575	35.12545200757289
46.1478330607945	35.47515385322923
43.405065233886994	37.981318217800876
21.384449454759107	16.720308124877995
36.17409062182793	36.13857048788569
15.836320725810886	45.06136163015562
30.36413519639204	14.524277741115888
17.387984879109855	18.50562411159349
5.211912612965857	16.038585336302273
1.091677641187056	11.072252842829258
