ego_speed	departTime_ped	npc1_speed
1.0000000000000003e-05	0.08131103970671845	31.533489528568985
