ego_speed	departTime_ped	npc1_speed
1.0000000000000003e-05	0.09659341471792984	11.963590624942999
