ego_speed	departTime_ped	npc1_speed
1.0000000000000003e-05	0.06102289586652382	25.508950190209926
