ego_speed	npc1_speed	npc2_speed	departTime_ped
3.4361157523827415	40.23192036043188	25.231596371908402	0.035831452150442145
3.9495901706087424	10.899357308967337	11.28539675657331	0.19655449199759312
3.9870958217146786	37.87511292189628	54.17856268763424	0.2991710708149692
3.5712655741121613	5.090040178812173	36.9865204748408	1.3831316617122509
1.9493529699402026	25.577657473205626	29.27953816660838	0.38210160644908064
