ego_speed	departTime_ped	npc1_speed
1.0000000000000003e-05	0.040230698910766874	42.96487667997661
