ego_speed	departTime_ped	npc1_speed
1.0000000000000003e-05	0.04423984216214512	20.64685738355644
