ego_speed	departTime_ped	npc1_speed
1.0000000000000003e-05	0.07656593050432288	32.691759668871434
