ego_speed,ego_lane,npc1_speed,npc1_distance,npc2_speed,npc1_lane,npc2_lane
10000.0,10000.0,10000.0,10000.0,10000.0,10000.0,10000.0
39.99750859548045,1.5041,39.99750859548045,112.8028974501871,39.97411650431039,1.5041,1.4957
5.768884998094482,0.5000081907519935,5.768884998094482,14.398301958082909,5.760349656778868,0.5000081907519935,0.5000065106086772
30.005068634034103,1.0,30.005068634034103,87.3898545540455,30.000219643429304,1.0,1.0
35.013835971998645,1.0,35.013835971998645,100.37895193857285,34.920714196697666,1.0,1.0
39.9552499642693,2.0,39.9552499642693,112.79607320211552,40.00936642526884,2.0,1.0
44.96717918688598,2.0,44.96717918688598,125.11749529762724,44.90676131369163,2.0,2.0
49.99503794380852,2.0,49.99503794380852,138.57369463675764,49.99979835224123,2.0,2.0
