e_brake_partial,e_brake_full,e_stop,collision
10000.0,10000.0,10000.0,10000.0
0.0005739488888888888,0.0,0.7712258417777778,0.8909
0.019204075212744674,0.0,1.1882150231703243,0.31178022819138024
0.0,0.0,0.0,0.0
0.0,0.0,0.0,1.0
0.0,0.0,0.0,1.0
0.0,0.0,2.292461388888889,1.0
0.8008888888888888,0.0,3.0858688888888888,1.0
