ego_speed,ego_lane,npc1_speed,npc1_distance,npc2_speed,npc1_lane,npc2_lane
10.0,10.0,10.0,10.0,10.0,10.0,10.0
39.306093142195145,1.3,39.306093142195145,97.80586832484207,39.95332123041679,1.3,1.6
5.163742036764066,0.4830458915396479,5.163742036764066,7.660226382374807,6.955128575358301,0.4830458915396479,0.5163977794943223
31.685396368053823,1.0,31.685396368053823,88.90381138341661,30.081750989549843,1.0,1.0
36.13502459626312,1.0,36.13502459626312,92.15895384999061,33.44389665723441,1.0,1.0
40.291038589961715,1.0,40.291038589961715,95.31957176699103,40.960657111598266,1.0,2.0
41.00032275054478,1.75,41.00032275054478,102.9015059663999,45.23180819173764,1.75,2.0
48.66590346869927,2.0,48.66590346869927,113.27960889866328,49.79742745419701,2.0,2.0
