	e_brake_partial	e_brake_full	e_stop	collision
699	0.4195977777777777	0.0	0.0	1.0
1289	0.7501111111111111	0.0	0.0	1.0
1293	0.7333333333333333	0.0	1.696902222222222	1.0
4022	0.50954	0.0	0.0	1.0
5593	0.7303577777777777	0.0	0.0	1.0
5954	0.2631911111111111	0.0	0.0	1.0
6308	0.5631999999999999	0.0	0.0	1.0
6342	0.7333333333333333	0.0	1.475431111111111	1.0
7607	0.8008888888888888	0.0	0.0	1.0
9578	0.2359355555555554	0.0	0.0	1.0
