e_brake_partial,e_brake_full,e_stop,collision
10.0,10.0,10.0,10.0
0.5739488888888888,0.0,0.3172333333333333,1.0
0.20995162246083476,0.0,0.670820744199845,0.0
0.2359355555555554,0.0,0.0,1.0
0.4420833333333333,0.0,0.0,1.0
0.6467788888888888,0.0,0.0,1.0
0.7333333333333333,0.0,0.0,1.0
0.8008888888888888,0.0,1.696902222222222,1.0
